-- --------------------------------------------------------
-- Host:                         127.0.0.1
-- Server version:               10.3.12-MariaDB - mariadb.org binary distribution
-- Server OS:                    Win64
-- HeidiSQL Version:             9.4.0.5125
-- --------------------------------------------------------

/*!40101 SET @OLD_CHARACTER_SET_CLIENT=@@CHARACTER_SET_CLIENT */;
/*!40101 SET NAMES utf8 */;
/*!50503 SET NAMES utf8mb4 */;
/*!40014 SET @OLD_FOREIGN_KEY_CHECKS=@@FOREIGN_KEY_CHECKS, FOREIGN_KEY_CHECKS=0 */;
/*!40101 SET @OLD_SQL_MODE=@@SQL_MODE, SQL_MODE='NO_AUTO_VALUE_ON_ZERO' */;

-- Dumping data for table solutionmanagement.account: ~2 rows (approximately)
/*!40000 ALTER TABLE `account` DISABLE KEYS */;
INSERT INTO `account` (`account_id`, `account_name`, `model`, `gcc_based`, `tower_id`, `itsm_tools`, `business_unit`, `orchestrator_user_role_id`, `techmanager_user_role_id`, `acc_automation_owner_user_role_id`, `adh_emailid`, `primaryowner_user_role_id`, `secondaryowner_user_role_id`) VALUES
	(1, 'SBSA', 'MOD', 'TM', 1, 'Java,IDE,HIbernate, Mysql', 'BFSI', 3, 4, 5, 'ashok@wipro.com', 8, 9),
	(2, 'CITI', 'MOD', 'TM', 2, '.Net, C++', 'BFSI', 5, 2, 1, 'testadh@wipro.com', 10, 3);
/*!40000 ALTER TABLE `account` ENABLE KEYS */;

-- Dumping data for table solutionmanagement.approvalflow: ~2 rows (approximately)
/*!40000 ALTER TABLE `approvalflow` DISABLE KEYS */;
INSERT INTO `approvalflow` (`approval_id`, `request_id`, `solution_id`, `approval_type`, `approver_user_role_id`, `approver_comments`, `approval_status`, `modified_dt`) VALUES
	(1, 2, 0, 'Technology', 4, 'Approved signed off', 'Approved', '2019-01-23'),
	(2, 2, 0, 'Design', 3, 'Approved', 'Approved', '2019-01-23'),
	(3, 2, 0, 'Business', 7, 'Done', 'Approved', '2019-01-23');
/*!40000 ALTER TABLE `approvalflow` ENABLE KEYS */;

-- Dumping data for table solutionmanagement.approvalflowhistory: ~2 rows (approximately)
/*!40000 ALTER TABLE `approvalflowhistory` DISABLE KEYS */;
INSERT INTO `approvalflowhistory` (`approval_history_id`, `modified_user_role_id`, `approval_id`, `modified_dt`, `modify_comments`, `from_status`, `to_status`) VALUES
	(1, 10, 1, '2019-01-23', 'Testing purpose', 'InProgress', 'Done'),
	(2, 3, 2, '2019-01-23', 'Testing 2 purpose', 'InProgress', 'Done'),
	(3, 1, 3, '2019-01-23', 'Test Data', 'InProgress', 'Done');
/*!40000 ALTER TABLE `approvalflowhistory` ENABLE KEYS */;

-- Dumping data for table solutionmanagement.attachments: ~1 rows (approximately)
/*!40000 ALTER TABLE `attachments` DISABLE KEYS */;
INSERT INTO `attachments` (`attach_id`, `usecase_id`, `solution_id`, `attachment_desc`, `attachment`, `type`, `modified_dt`) VALUES
	(1, 1, 0, 'Data for sample', _binary 0x2D2D202D2D2D2D2D2D2D2D2D2D2D2D2D2D2D2D2D2D2D2D2D2D2D2D2D2D2D2D2D2D2D2D2D2D2D2D2D2D2D2D2D2D2D2D2D2D2D2D2D2D2D2D2D2D2D2D0D0A2D2D20486F73743A202020202020202020202020202020202020202020202020203132372E302E302E310D0A2D2D205365727665722076657273696F6E3A20202020202020202020202020202031302E332E31322D4D617269614442202D206D6172696164622E6F72672062696E61727920646973747269627574696F6E0D0A2D2D20536572766572204F533A202020202020202020202020202020202020202057696E36340D0A2D2D20486569646953514C2056657273696F6E3A20202020202020202020202020392E342E302E353132350D0A2D2D202D2D2D2D2D2D2D2D2D2D2D2D2D2D2D2D2D2D2D2D2D2D2D2D2D2D2D2D2D2D2D2D2D2D2D2D2D2D2D2D2D2D2D2D2D2D2D2D2D2D2D2D2D2D2D2D0D0A0D0A2F2A2134303130312053455420404F4C445F4348415241435445525F5345545F434C49454E543D40404348415241435445525F5345545F434C49454E54202A2F3B0D0A2F2A21343031303120534554204E414D45532075746638202A2F3B0D0A2F2A21353035303320534554204E414D455320757466386D6234202A2F3B0D0A2F2A2134303031342053455420404F4C445F464F524549474E5F4B45595F434845434B533D4040464F524549474E5F4B45595F434845434B532C20464F524549474E5F4B45595F434845434B533D30202A2F3B0D0A2F2A2134303130312053455420404F4C445F53514C5F4D4F44453D404053514C5F4D4F44452C2053514C5F4D4F44453D274E4F5F4155544F5F56414C55455F4F4E5F5A45524F27202A2F3B0D0A0D0A0D0A2D2D2044756D70696E672064617461626173652073747275637475726520666F7220736F6C7574696F6E6D616E6167656D656E740D0A435245415445204441544142415345204946204E4F54204558495354532060736F6C7574696F6E6D616E6167656D656E7460202F2A2134303130302044454641554C542043484152414354455220534554206C6174696E31202A2F3B0D0A5553452060736F6C7574696F6E6D616E6167656D656E74603B0D0A0D0A2D2D2044756D70696E672073747275637475726520666F72207461626C6520736F6C7574696F6E6D616E6167656D656E742E6163636F756E740D0A435245415445205441424C45204946204E4F542045584953545320606163636F756E746020280D0A2020606163636F756E745F69646020626967696E7428323029204E4F54204E554C4C204155544F5F494E4352454D454E542C0D0A2020606163636F756E745F6E616D65602076617263686172283530292044454641554C54204E554C4C2C0D0A2020606D6F64656C602076617263686172283530292044454641554C54204E554C4C2C0D0A2020606763635F6261736564602076617263686172283530292044454641554C54204E554C4C2C0D0A202060746F7765725F69646020626967696E7428323029204E4F54204E554C4C2C0D0A2020606974736D5F746F6F6C73602074657874204E4F54204E554C4C2C0D0A202060627573696E6573735F756E6974602076617263686172283530292044454641554C54204E554C4C2C0D0A2020606F7263686573747261746F725F757365725F726F6C655F69646020626967696E7428323029204E4F54204E554C4C2C0D0A202060746563686D616E616765725F757365725F726F6C655F69646020626967696E7428323029204E4F54204E554C4C2C0D0A2020606163635F6175746F6D6174696F6E5F6F776E65725F757365725F726F6C655F69646020626967696E7428323029204E4F54204E554C4C2C0D0A2020606164685F656D61696C6964602074696E79746578742044454641554C54204E554C4C2C0D0A2020607072696D6172796F776E65725F757365725F726F6C655F69646020626967696E7428323029204E4F54204E554C4C2C0D0A2020607365636F6E646172796F776E65725F757365725F726F6C655F69646020626967696E7428323029204E4F54204E554C4C2C0D0A20205052494D415259204B45592028606163636F756E745F696460292C0D0A20204B45592060464B5F6163636F756E745F746F77657260202860746F7765725F696460292C0D0A20204B45592060464B5F6163636F756E745F75736572726F6C65602028606F7263686573747261746F725F757365725F726F6C655F696460292C0D0A20204B45592060464B5F6163636F756E745F75736572726F6C655F3260202860746563686D616E616765725F757365725F726F6C655F696460292C0D0A20204B45592060464B5F6163636F756E745F75736572726F6C655F33602028606163635F6175746F6D6174696F6E5F6F776E65725F757365725F726F6C655F696460292C0D0A20204B45592060464B5F6163636F756E745F75736572726F6C655F34602028607072696D6172796F776E65725F757365725F726F6C655F696460292C0D0A20204B45592060464B5F6163636F756E745F75736572726F6C655F35602028607365636F6E646172796F776E65725F757365725F726F6C655F696460292C0D0A2020434F4E53545241494E542060464B5F6163636F756E745F746F7765726020464F524549474E204B4559202860746F7765725F69646029205245464552454E4345532060746F77657260202860746F7765725F696460292C0D0A2020434F4E53545241494E542060464B5F6163636F756E745F75736572726F6C656020464F524549474E204B45592028606F7263686573747261746F725F757365725F726F6C655F69646029205245464552454E434553206075736572726F6C6560202860757365725F726F6C655F696460292C0D0A2020434F4E53545241494E542060464B5F6163636F756E745F75736572726F6C655F326020464F524549474E204B4559202860746563686D616E616765725F757365725F726F6C655F69646029205245464552454E434553206075736572726F6C6560202860757365725F726F6C655F696460292C0D0A2020434F4E53545241494E542060464B5F6163636F756E745F75736572726F6C655F336020464F524549474E204B45592028606163635F6175746F6D6174696F6E5F6F776E65725F757365725F726F6C655F69646029205245464552454E434553206075736572726F6C6560202860757365725F726F6C655F696460292C0D0A2020434F4E53545241494E542060464B5F6163636F756E745F75736572726F6C655F346020464F524549474E204B45592028607072696D6172796F776E65725F757365725F726F6C655F69646029205245464552454E434553206075736572726F6C6560202860757365725F726F6C655F696460292C0D0A2020434F4E53545241494E542060464B5F6163636F756E745F75736572726F6C655F356020464F524549474E204B45592028607365636F6E646172796F776E65725F757365725F726F6C655F69646029205245464552454E434553206075736572726F6C6560202860757365725F726F6C655F696460290D0A2920454E47494E453D496E6E6F44422044454641554C5420434841525345543D6C6174696E31204D41585F524F57533D343239343936373239353B0D0A0D0A2D2D2044617461206578706F7274696E672077617320756E73656C65637465642E0D0A2D2D2044756D70696E672073747275637475726520666F72207461626C6520736F6C7574696F6E6D616E6167656D656E742E617070726F76616C666C6F770D0A435245415445205441424C45204946204E4F54204558495354532060617070726F76616C666C6F776020280D0A202060617070726F76616C5F69646020626967696E7428323029204E4F54204E554C4C204155544F5F494E4352454D454E542C0D0A202060726571756573745F69646020626967696E7428323029204E4F54204E554C4C2C0D0A202060736F6C7574696F6E5F69646020626967696E7428323029204E4F54204E554C4C2C0D0A202060617070726F76616C5F7479706560206368617228353029204E4F54204E554C4C2C0D0A202060617070726F7665725F757365725F726F6C655F69646020626967696E7428323029204E4F54204E554C4C2C0D0A202060617070726F7665725F636F6D6D656E7473602074657874204E4F54204E554C4C2C0D0A202060617070726F76616C5F73746174757360206368617228353029204E4F54204E554C4C2C0D0A2020606D6F6469666965645F6474602064617465204E4F54204E554C4C2C0D0A20205052494D415259204B4559202860617070726F76616C5F696460292C0D0A20204B45592060464B5F617070726F76616C666C6F775F626F74737061636B61676560202860736F6C7574696F6E5F696460292C0D0A20204B45592060464B5F617070726F76616C666C6F775F6E6577726571756573746964656160202860726571756573745F696460292C0D0A20204B45592060464B5F617070726F76616C666C6F775F75736572726F6C6560202860617070726F7665725F757365725F726F6C655F696460292C0D0A2020434F4E53545241494E542060464B5F617070726F76616C666C6F775F626F74737061636B6167656020464F524549474E204B4559202860736F6C7574696F6E5F69646029205245464552454E4345532060626F74737061636B61676560202860736F6C7574696F6E5F696460292C0D0A2020434F4E53545241494E542060464B5F617070726F76616C666C6F775F6E657772657175657374696465616020464F524549474E204B4559202860726571756573745F69646029205245464552454E43455320606E6577726571756573746964656160202860726571756573745F696460292C0D0A2020434F4E53545241494E542060464B5F617070726F76616C666C6F775F75736572726F6C656020464F524549474E204B4559202860617070726F7665725F757365725F726F6C655F69646029205245464552454E434553206075736572726F6C6560202860757365725F726F6C655F696460290D0A2920454E47494E453D496E6E6F44422044454641554C5420434841525345543D6C6174696E313B0D0A0D0A2D2D2044617461206578706F7274696E672077617320756E73656C65637465642E0D0A2D2D2044756D70696E672073747275637475726520666F72207461626C6520736F6C7574696F6E6D616E6167656D656E742E617070726F76616C666C6F77686973746F72790D0A435245415445205441424C45204946204E4F54204558495354532060617070726F76616C666C6F77686973746F72796020280D0A202060617070726F76616C5F686973746F72795F69646020626967696E7428323029204E4F54204E554C4C204155544F5F494E4352454D454E542C0D0A2020606D6F6469666965645F757365725F726F6C655F69646020626967696E7428323029204E4F54204E554C4C2C0D0A202060617070726F76616C5F69646020626967696E7428323029204E4F54204E554C4C2C0D0A2020606D6F6469666965645F6474602064617465204E4F54204E554C4C2C0D0A2020606D6F646966795F636F6D6D656E7473602074657874204E4F54204E554C4C2C0D0A20206066726F6D5F737461747573602074696E7974657874204E4F54204E554C4C2C0D0A202060746F5F737461747573602074696E7974657874204E4F54204E554C4C2C0D0A20205052494D415259204B4559202860617070726F76616C5F686973746F72795F696460292C0D0A20204B45592060464B5F617070726F76616C666C6F77686973746F72795F75736572726F6C65602028606D6F6469666965645F757365725F726F6C655F696460292C0D0A2020434F4E53545241494E542060464B5F617070726F76616C666C6F77686973746F72795F75736572726F6C656020464F524549474E204B45592028606D6F6469666965645F757365725F726F6C655F69646029205245464552454E434553206075736572726F6C6560202860757365725F726F6C655F696460290D0A2920454E47494E453D496E6E6F44422044454641554C5420434841525345543D6C6174696E313B0D0A0D0A2D2D2044617461206578706F7274696E672077617320756E73656C65637465642E0D0A2D2D2044756D70696E672073747275637475726520666F72207461626C6520736F6C7574696F6E6D616E6167656D656E742E6174746163686D656E74730D0A435245415445205441424C45204946204E4F542045584953545320606174746163686D656E74736020280D0A2020606174746163685F69646020626967696E7428323029204E4F54204E554C4C204155544F5F494E4352454D454E542C0D0A202060757365636173655F69646020626967696E7428323029204E4F54204E554C4C2C0D0A202060736F6C7574696F6E5F69646020626967696E7428323029204E4F54204E554C4C2C0D0A2020606174746163686D656E745F64657363602074657874204E4F54204E554C4C2C0D0A2020606174746163686D656E746020626C6F62204E4F54204E554C4C2C0D0A2020607479706560206368617228353029204E4F54204E554C4C2C0D0A2020606D6F6469666965645F6474602064617465204E4F54204E554C4C2C0D0A20205052494D415259204B45592028606174746163685F696460292C0D0A20204B45592060464B5F6174746163686D656E74735F626F74737061636B61676560202860736F6C7574696F6E5F696460292C0D0A20204B45592060464B5F6174746163686D656E74735F7573656361736560202860757365636173655F696460292C0D0A2020434F4E53545241494E542060464B5F6174746163686D656E74735F626F74737061636B6167656020464F524549474E204B4559202860736F6C7574696F6E5F69646029205245464552454E4345532060626F74737061636B61676560202860736F6C7574696F6E5F696460292C0D0A2020434F4E53545241494E542060464B5F6174746163686D656E74735F757365636173656020464F524549474E204B4559202860757365636173655F69646029205245464552454E43455320607573656361736560202860757365636173655F696460290D0A2920454E47494E453D496E6E6F44422044454641554C5420434841525345543D6C6174696E313B0D0A0D0A2D2D2044617461206578706F7274696E672077617320756E73656C65637465642E0D0A2D2D2044756D70696E672073747275637475726520666F72207461626C6520736F6C7574696F6E6D616E6167656D656E742E626F74737061636B6167650D0A435245415445205441424C45204946204E4F54204558495354532060626F74737061636B6167656020280D0A202060736F6C7574696F6E5F69646020626967696E7428323029204E4F54204E554C4C204155544F5F494E4352454D454E542C0D0A202060736F6C7574696F6E5F6E616D65602074657874204E4F54204E554C4C2C0D0A20206076657273696F6E602074696E79696E74283429204E4F54204E554C4C2C0D0A202060736F6C7574696F6E5F6F776E65725F757365725F726F6C655F69646020626967696E7428323029204E4F54204E554C4C2C0D0A202060726F6C6C6F75745F6F776E6572735F757365725F726F6C655F69646020626967696E7428323029204E4F54204E554C4C2C0D0A202060737461747573602074696E7974657874204E4F54204E554C4C2C0D0A20206073686F72745F64657363602074696E7974657874204E4F54204E554C4C2C0D0A2020606465736372697074696F6E602074657874204E4F54204E554C4C2C0D0A202060646576656C6F7065645F6474602064617465204E4F54204E554C4C2C0D0A2020606D6F6469666965645F6474602064617465204E4F54204E554C4C2C0D0A202060646F635F646F776E6C6F61645F636E746020626967696E7428323029204E4F54204E554C4C2C0D0A202060646F776E6C6F6164656420636E746020626967696E7428323029204E4F54204E554C4C2C0D0A20206072657669657765645F636E746020626967696E7428323029204E4F54204E554C4C2C0D0A202060646566656374736020626967696E7428323029204E4F54204E554C4C2C0D0A202060656E68616E63656D656E7473602074657874204E4F54204E554C4C2C0D0A202060726F6C6C6F7574735F6163635F69646020626967696E7428323029204E4F54204E554C4C2C0D0A202060617070726F76616C735F69646020626967696E7428323029204E4F54204E554C4C2C0D0A202060726571756573745F69646020626967696E7428323029204E4F54204E554C4C2C0D0A20205052494D415259204B4559202860736F6C7574696F6E5F696460292C0D0A20204B45592060464B5F626F74737061636B6167655F6163636F756E7460202860726F6C6C6F7574735F6163635F696460292C0D0A20204B45592060464B5F626F74737061636B6167655F617070726F76616C666C6F7760202860617070726F76616C735F696460292C0D0A20204B45592060464B5F626F74737061636B6167655F6E6577726571756573746964656160202860726571756573745F696460292C0D0A20204B45592060464B5F626F74737061636B6167655F75736572726F6C6560202860736F6C7574696F6E5F6F776E65725F757365725F726F6C655F696460292C0D0A20204B45592060464B5F626F74737061636B6167655F75736572726F6C655F3260202860726F6C6C6F75745F6F776E6572735F757365725F726F6C655F696460292C0D0A2020434F4E53545241494E542060464B5F626F74737061636B6167655F6163636F756E746020464F524549474E204B4559202860726F6C6C6F7574735F6163635F69646029205245464552454E43455320606163636F756E74602028606163636F756E745F696460292C0D0A2020434F4E53545241494E542060464B5F626F74737061636B6167655F617070726F76616C666C6F776020464F524549474E204B4559202860617070726F76616C735F69646029205245464552454E4345532060617070726F76616C666C6F7760202860617070726F76616C5F696460292C0D0A2020434F4E53545241494E542060464B5F626F74737061636B6167655F6E657772657175657374696465616020464F524549474E204B4559202860726571756573745F69646029205245464552454E43455320606E6577726571756573746964656160202860726571756573745F696460292C0D0A2020434F4E53545241494E542060464B5F626F74737061636B6167655F75736572726F6C656020464F524549474E204B4559202860736F6C7574696F6E5F6F776E65725F757365725F726F6C655F69646029205245464552454E434553206075736572726F6C6560202860757365725F726F6C655F696460292C0D0A2020434F4E53545241494E542060464B5F626F74737061636B6167655F75736572726F6C655F326020464F524549474E204B4559202860726F6C6C6F75745F6F776E6572735F757365725F726F6C655F69646029205245464552454E434553206075736572726F6C6560202860757365725F726F6C655F696460290D0A2920454E47494E453D496E6E6F44422044454641554C5420434841525345543D6C6174696E313B0D0A0D0A2D2D2044617461206578706F7274696E672077617320756E73656C65637465642E0D0A2D2D2044756D70696E672073747275637475726520666F72207461626C6520736F6C7574696F6E6D616E6167656D656E742E656E677465616D6D656D626572730D0A435245415445205441424C45204946204E4F54204558495354532060656E677465616D6D656D626572736020280D0A202060656E675F7465616D5F6D656D626572735F69646020626967696E7428323029204E4F54204E554C4C204155544F5F494E4352454D454E542C0D0A202060746F7765725F73706F635F69646020626967696E7428323029204E4F54204E554C4C2C0D0A202060757365725F726F6C655F69646020626967696E7428323029204E4F54204E554C4C2C0D0A202060656E675F6D656D6265725F726F6C65602074696E7974657874204E4F54204E554C4C2C0D0A20205052494D415259204B4559202860656E675F7465616D5F6D656D626572735F696460292C0D0A20204B45592060464B5F656E677465616D6D656D626572735F75736572726F6C6560202860746F7765725F73706F635F696460292C0D0A20204B45592060464B5F656E677465616D6D656D626572735F75736572726F6C655F3260202860757365725F726F6C655F696460292C0D0A2020434F4E53545241494E542060464B5F656E677465616D6D656D626572735F75736572726F6C656020464F524549474E204B4559202860746F7765725F73706F635F69646029205245464552454E434553206075736572726F6C6560202860757365725F726F6C655F696460292C0D0A2020434F4E53545241494E542060464B5F656E677465616D6D656D626572735F75736572726F6C655F326020464F524549474E204B4559202860757365725F726F6C655F69646029205245464552454E434553206075736572726F6C6560202860757365725F726F6C655F696460290D0A2920454E47494E453D496E6E6F44422044454641554C5420434841525345543D6C6174696E313B0D0A0D0A2D2D2044617461206578706F7274696E672077617320756E73656C65637465642E0D0A2D2D2044756D70696E672073747275637475726520666F72207461626C6520736F6C7574696F6E6D616E6167656D656E742E666F72756D0D0A435245415445205441424C45204946204E4F54204558495354532060666F72756D6020280D0A202060666F72756D5F69646020626967696E7428323029204E4F54204E554C4C204155544F5F494E4352454D454E542C0D0A202060726571756573745F69646020626967696E7428323029204E4F54204E554C4C2C0D0A202060757365636173655F69646020626967696E7428323029204E4F54204E554C4C2C0D0A202060736F6C7574696F6E5F69646020626967696E7428323029204E4F54204E554C4C2C0D0A202060757365725F69646020626967696E7428323029204E4F54204E554C4C2C0D0A2020606D6F6469666965645F6474602064617465204E4F54204E554C4C2C0D0A202060706F737465645F6474602064617465204E4F54204E554C4C2C0D0A202060636F6D6D656E747360206C6F6E67746578742044454641554C54204E554C4C2C0D0A20205052494D415259204B4559202860666F72756D5F696460292C0D0A20204B45592060464B5F666F72756D5F626F74737061636B61676560202860736F6C7574696F6E5F696460292C0D0A20204B45592060464B5F666F72756D5F6E6577726571756573746964656160202860726571756573745F696460292C0D0A20204B45592060464B5F666F72756D5F7573656361736560202860757365636173655F696460292C0D0A20204B45592060464B5F666F72756D5F7573657260202860757365725F696460292C0D0A2020434F4E53545241494E542060464B5F666F72756D5F626F74737061636B6167656020464F524549474E204B4559202860736F6C7574696F6E5F69646029205245464552454E4345532060626F74737061636B61676560202860736F6C7574696F6E5F696460292C0D0A2020434F4E53545241494E542060464B5F666F72756D5F6E657772657175657374696465616020464F524549474E204B4559202860726571756573745F69646029205245464552454E43455320606E6577726571756573746964656160202860726571756573745F696460292C0D0A2020434F4E53545241494E542060464B5F666F72756D5F757365636173656020464F524549474E204B4559202860757365636173655F69646029205245464552454E43455320607573656361736560202860757365636173655F696460292C0D0A2020434F4E53545241494E542060464B5F666F72756D5F757365726020464F524549474E204B4559202860757365725F69646029205245464552454E43455320607573657260202860757365725F696460290D0A2920454E47494E453D496E6E6F44422044454641554C5420434841525345543D6C6174696E313B0D0A0D0A2D2D2044617461206578706F7274696E672077617320756E73656C65637465642E0D0A2D2D2044756D70696E672073747275637475726520666F72207461626C6520736F6C7574696F6E6D616E6167656D656E742E6E657772657175657374696465610D0A435245415445205441424C45204946204E4F542045584953545320606E657772657175657374696465616020280D0A202060726571756573745F69646020626967696E7428323029204E4F54204E554C4C204155544F5F494E4352454D454E542C0D0A202060726571756573745F696465615F6E616D6560207661726368617228353029204E4F54204E554C4C2C0D0A2020607479706560206368617228353029204E4F54204E554C4C2C0D0A20206073686F72745F64657363602074696E7974657874204E4F54204E554C4C2C0D0A2020606465736372697074696F6E602074657874204E4F54204E554C4C2C0D0A202060737461747573602074696E7974657874204E4F54204E554C4C2C0D0A202060706F737465645F757365725F726F6C655F69646020626967696E7428323029204E4F54204E554C4C2C0D0A202060706F737465645F6474602064617465204E4F54204E554C4C2C0D0A2020606D6F6469666965645F6474602064617465204E4F54204E554C4C2C0D0A20205052494D415259204B4559202860726571756573745F696460292C0D0A20204B45592060464B5F6E657772657175657374696465615F75736572726F6C6560202860706F737465645F757365725F726F6C655F696460292C0D0A2020434F4E53545241494E542060464B5F6E657772657175657374696465615F75736572726F6C656020464F524549474E204B4559202860706F737465645F757365725F726F6C655F69646029205245464552454E434553206075736572726F6C6560202860757365725F726F6C655F696460290D0A2920454E47494E453D496E6E6F44422044454641554C5420434841525345543D6C6174696E313B0D0A0D0A2D2D2044617461206578706F7274696E672077617320756E73656C65637465642E0D0A2D2D2044756D70696E672073747275637475726520666F72207461626C6520736F6C7574696F6E6D616E6167656D656E742E7265666572656E6365730D0A435245415445205441424C45204946204E4F542045584953545320607265666572656E6365736020280D0A2020607265666572656E63655F69646020626967696E7428323029204E4F54204E554C4C204155544F5F494E4352454D454E542C0D0A202060726571756573745F69646020626967696E7428323029204E4F54204E554C4C2C0D0A202060757365636173655F69646020626967696E7428323029204E4F54204E554C4C2C0D0A202060736F6C7574696F6E5F69646020626967696E7428323029204E4F54204E554C4C2C0D0A2020607265666572656E63655F6E6F746573602074657874204E4F54204E554C4C2C0D0A202060706F737465645F6474602064617465204E4F54204E554C4C2C0D0A20205052494D415259204B45592028607265666572656E63655F696460292C0D0A20204B45592060464B5F7265666572656E6365735F626F74737061636B61676560202860736F6C7574696F6E5F696460292C0D0A20204B45592060464B5F7265666572656E6365735F6E6577726571756573746964656160202860726571756573745F696460292C0D0A20204B45592060464B5F7265666572656E6365735F7573656361736560202860757365636173655F696460292C0D0A2020434F4E53545241494E542060464B5F7265666572656E6365735F626F74737061636B6167656020464F524549474E204B4559202860736F6C7574696F6E5F69646029205245464552454E4345532060626F74737061636B61676560202860736F6C7574696F6E5F696460292C0D0A2020434F4E53545241494E542060464B5F7265666572656E6365735F6E657772657175657374696465616020464F524549474E204B4559202860726571756573745F69646029205245464552454E43455320606E6577726571756573746964656160202860726571756573745F696460292C0D0A2020434F4E53545241494E542060464B5F7265666572656E6365735F757365636173656020464F524549474E204B4559202860757365636173655F69646029205245464552454E43455320607573656361736560202860757365636173655F696460290D0A2920454E47494E453D496E6E6F44422044454641554C5420434841525345543D6C6174696E313B0D0A0D0A2D2D2044617461206578706F7274696E672077617320756E73656C65637465642E0D0A2D2D2044756D70696E672073747275637475726520666F72207461626C6520736F6C7574696F6E6D616E6167656D656E742E726F6C650D0A435245415445205441424C45204946204E4F54204558495354532060726F6C656020280D0A202060726F6C655F69646020626967696E7428323029204E4F54204E554C4C204155544F5F494E4352454D454E542C0D0A2020606E616D65602074696E79746578742044454641554C54204E554C4C2C0D0A2020606465736372697074696F6E6020746578742044454641554C54204E554C4C2C0D0A20205052494D415259204B4559202860726F6C655F696460290D0A2920454E47494E453D496E6E6F44422044454641554C5420434841525345543D6C6174696E313B0D0A0D0A2D2D2044617461206578706F7274696E672077617320756E73656C65637465642E0D0A2D2D2044756D70696E672073747275637475726520666F72207461626C6520736F6C7574696F6E6D616E6167656D656E742E746F7765720D0A435245415445205441424C45204946204E4F54204558495354532060746F7765726020280D0A202060746F7765725F69646020626967696E7428323029204E4F54204E554C4C204155544F5F494E4352454D454E542C0D0A2020606E616D65602076617263686172283530292044454641554C54204E554C4C2C0D0A20206073706F635F757365725F726F6C655F69646020626967696E7428323029204E4F54204E554C4C2C0D0A20205052494D415259204B4559202860746F7765725F696460292C0D0A20204B45592060464B5F746F7765725F75736572726F6C656020286073706F635F757365725F726F6C655F696460292C0D0A2020434F4E53545241494E542060464B5F746F7765725F75736572726F6C656020464F524549474E204B455920286073706F635F757365725F726F6C655F69646029205245464552454E434553206075736572726F6C6560202860757365725F726F6C655F696460290D0A2920454E47494E453D496E6E6F44422044454641554C5420434841525345543D6C6174696E313B0D0A0D0A2D2D2044617461206578706F7274696E672077617320756E73656C65637465642E0D0A2D2D2044756D70696E672073747275637475726520666F72207461626C6520736F6C7574696F6E6D616E6167656D656E742E757365636173650D0A435245415445205441424C45204946204E4F54204558495354532060757365636173656020280D0A202060757365636173655F69646020626967696E7428323029204E4F54204E554C4C204155544F5F494E4352454D454E542C0D0A202060757365636173655F6E616D65602074696E7974657874204E4F54204E554C4C2C0D0A202060746F7765725F73706F635F7569646020626967696E7428323029204E4F54204E554C4C2C0D0A202060737461747573602074696E7974657874204E4F54204E554C4C2C0D0A20206073686F72745F64657363602074696E7974657874204E4F54204E554C4C2C0D0A20206064657363602074657874204E4F54204E554C4C2C0D0A2020606174746163686D656E745F69646020626967696E7428323029204E4F54204E554C4C2C0D0A202060646576656C6F7065645F6474602064617465204E4F54204E554C4C2C0D0A202060646F635F646F776E6C6F61645F636E746020696E7428313129204E4F54204E554C4C2C0D0A202060646F776E6C6F616465645F636E746020696E7428313129204E4F54204E554C4C2C0D0A20206072657669657765645F636E746020696E7428313129204E4F54204E554C4C2C0D0A202060646566656374736020696E7428313129204E4F54204E554C4C2C0D0A202060656E68616E63656D656E747360206C6F6E6774657874204E4F54204E554C4C2C0D0A2020606D6F6469666965645F6474602064617465204E4F54204E554C4C2C0D0A202060726F6C6C6F7574735F6163636F756E7469646020626967696E7428323029204E4F54204E554C4C2C0D0A202060617070726F76616C5F69646020626967696E7428323029204E4F54204E554C4C2C0D0A202060736F6C7574696F6E5F69646020626967696E7428323029204E4F54204E554C4C2C0D0A20205052494D415259204B4559202860757365636173655F696460292C0D0A20204B45592060464B5F757365636173655F617070726F76616C666C6F7760202860617070726F76616C5F696460292C0D0A20204B45592060464B5F757365636173655F6174746163686D656E7473602028606174746163686D656E745F696460292C0D0A20204B45592060464B5F757365636173655F626F74737061636B61676560202860736F6C7574696F6E5F696460292C0D0A20204B45592060464B5F757365636173655F75736572726F6C6560202860746F7765725F73706F635F75696460292C0D0A2020434F4E53545241494E542060464B5F757365636173655F617070726F76616C666C6F776020464F524549474E204B4559202860617070726F76616C5F69646029205245464552454E4345532060617070726F76616C666C6F7760202860617070726F76616C5F696460292C0D0A2020434F4E53545241494E542060464B5F757365636173655F6174746163686D656E74736020464F524549474E204B45592028606174746163686D656E745F69646029205245464552454E43455320606174746163686D656E7473602028606174746163685F696460292C0D0A2020434F4E53545241494E542060464B5F757365636173655F626F74737061636B6167656020464F524549474E204B4559202860736F6C7574696F6E5F69646029205245464552454E4345532060626F74737061636B61676560202860736F6C7574696F6E5F696460292C0D0A2020434F4E53545241494E542060464B5F757365636173655F75736572726F6C656020464F524549474E204B4559202860746F7765725F73706F635F7569646029205245464552454E434553206075736572726F6C6560202860757365725F726F6C655F696460290D0A2920454E47494E453D496E6E6F44422044454641554C5420434841525345543D6C6174696E313B0D0A0D0A2D2D2044617461206578706F7274696E672077617320756E73656C65637465642E0D0A2D2D2044756D70696E672073747275637475726520666F72207461626C6520736F6C7574696F6E6D616E6167656D656E742E757365720D0A435245415445205441424C45204946204E4F54204558495354532060757365726020280D0A202060757365725F69646020626967696E7428323029204E4F54204E554C4C204155544F5F494E4352454D454E542C0D0A202060757365726E616D6560207661726368617228353029204E4F54204E554C4C2C0D0A202060656D61696C602074696E79746578742044454641554C54204E554C4C2C0D0A20206066697273746E616D65602076617263686172283530292044454641554C54204E554C4C2C0D0A2020606C6173746E616D6560207661726368617228353029204E4F54204E554C4C2C0D0A2020606163636F756E745F69646020626967696E7428323029204E4F54204E554C4C2C0D0A20206070617373776F7264602074696E7974657874204E4F54204E554C4C2C0D0A20205052494D415259204B4559202860757365725F696460292C0D0A2020554E49515545204B45592060496E646578203260202860757365726E616D6560292C0D0A20204B45592060464B5F757365725F6163636F756E74602028606163636F756E745F696460292C0D0A2020434F4E53545241494E542060464B5F757365725F6163636F756E746020464F524549474E204B45592028606163636F756E745F69646029205245464552454E43455320606163636F756E74602028606163636F756E745F696460290D0A2920454E47494E453D496E6E6F44422044454641554C5420434841525345543D6C6174696E313B0D0A0D0A2D2D2044617461206578706F7274696E672077617320756E73656C65637465642E0D0A2D2D2044756D70696E672073747275637475726520666F72207461626C6520736F6C7574696F6E6D616E6167656D656E742E75736572726F6C650D0A435245415445205441424C45204946204E4F5420455849535453206075736572726F6C656020280D0A202060757365725F726F6C655F69646020626967696E7428323029204E4F54204E554C4C204155544F5F494E4352454D454E542C0D0A202060757365725F69646020626967696E7428323029204E4F54204E554C4C2C0D0A202060726F6C655F69646020626967696E7428323029204E4F54204E554C4C2C0D0A20205052494D415259204B4559202860757365725F726F6C655F696460292C0D0A20204B45592060464B5F75736572726F6C655F726F6C6560202860726F6C655F696460292C0D0A20204B45592060464B5F75736572726F6C655F7573657260202860757365725F696460292C0D0A2020434F4E53545241494E542060464B5F75736572726F6C655F726F6C656020464F524549474E204B4559202860726F6C655F69646029205245464552454E4345532060726F6C6560202860726F6C655F696460292C0D0A2020434F4E53545241494E542060464B5F75736572726F6C655F757365726020464F524549474E204B4559202860757365725F69646029205245464552454E43455320607573657260202860757365725F696460290D0A2920454E47494E453D496E6E6F44422044454641554C5420434841525345543D6C6174696E313B0D0A0D0A2D2D2044617461206578706F7274696E672077617320756E73656C65637465642E0D0A2F2A213430313031205345542053514C5F4D4F44453D49464E554C4C28404F4C445F53514C5F4D4F44452C20272729202A2F3B0D0A2F2A2134303031342053455420464F524549474E5F4B45595F434845434B533D494628404F4C445F464F524549474E5F4B45595F434845434B53204953204E554C4C2C20312C20404F4C445F464F524549474E5F4B45595F434845434B5329202A2F3B0D0A2F2A21343031303120534554204348415241435445525F5345545F434C49454E543D404F4C445F4348415241435445525F5345545F434C49454E54202A2F3B0D0A, 'sql file', '2019-01-23');
/*!40000 ALTER TABLE `attachments` ENABLE KEYS */;

-- Dumping data for table solutionmanagement.botspackage: ~0 rows (approximately)
/*!40000 ALTER TABLE `botspackage` DISABLE KEYS */;
INSERT INTO `botspackage` (`solution_id`, `solution_name`, `version`, `solution_owner_user_role_id`, `rollout_owners_user_role_id`, `status`, `short_desc`, `description`, `developed_dt`, `modified_dt`, `doc_download_cnt`, `downloaded cnt`, `reviewed_cnt`, `defects`, `enhancements`, `rollouts_acc_id`, `approvals_id`, `request_id`) VALUES
	(1, 'Task Allocation App', 1, 10, 6, 'Init', 'Allocation app of tasks', 'Task allocation by manager to team memebrs', '2019-01-23', '2019-01-23', 5, 9, 6, 6, 'Moving to cloud', 2, 1, 2);
/*!40000 ALTER TABLE `botspackage` ENABLE KEYS */;

-- Dumping data for table solutionmanagement.engteammembers: ~2 rows (approximately)
/*!40000 ALTER TABLE `engteammembers` DISABLE KEYS */;
INSERT INTO `engteammembers` (`eng_team_members_id`, `tower_spoc_id`, `user_role_id`, `eng_member_role`) VALUES
	(1, 3, 7, 'QA'),
	(2, 7, 10, 'Dev'),
	(3, 10, 2, 'BA');
/*!40000 ALTER TABLE `engteammembers` ENABLE KEYS */;

-- Dumping data for table solutionmanagement.forum: ~1 rows (approximately)
/*!40000 ALTER TABLE `forum` DISABLE KEYS */;
INSERT INTO `forum` (`forum_id`, `request_id`, `usecase_id`, `solution_id`, `user_id`, `modified_dt`, `posted_dt`, `comments`) VALUES
	(1, 0, 1, 0, 5, '2019-01-23', '2019-01-23', 'How about Test cases framework?');
/*!40000 ALTER TABLE `forum` ENABLE KEYS */;

-- Dumping data for table solutionmanagement.newrequestidea: ~2 rows (approximately)
/*!40000 ALTER TABLE `newrequestidea` DISABLE KEYS */;
INSERT INTO `newrequestidea` (`request_id`, `request_idea_name`, `type`, `short_desc`, `description`, `status`, `posted_user_role_id`, `posted_dt`, `modified_dt`) VALUES
	(1, 'Intelligent Cash Management', 'Idea', 'Cash managemnt app', 'Cash management app based on dialy expenses', 'INIT', 10, '2019-01-23', '2019-01-23'),
	(2, 'Task Allocation App', 'Request', 'Task allocation app', 'Task allocation by manager to member', 'DONE', 3, '2019-01-23', '2019-01-23');
/*!40000 ALTER TABLE `newrequestidea` ENABLE KEYS */;

-- Dumping data for table solutionmanagement.references: ~1 rows (approximately)
/*!40000 ALTER TABLE `references` DISABLE KEYS */;
INSERT INTO `references` (`reference_id`, `request_id`, `usecase_id`, `solution_id`, `reference_notes`, `posted_dt`) VALUES
	(1, 1, 0, 0, 'Test notes', '2019-01-23');
/*!40000 ALTER TABLE `references` ENABLE KEYS */;

-- Dumping data for table solutionmanagement.role: ~12 rows (approximately)
/*!40000 ALTER TABLE `role` DISABLE KEYS */;
INSERT INTO `role` (`role_id`, `name`, `description`) VALUES
	(1, 'Orchestrator', 'Person facilitiates requirement gathering etc'),
	(2, 'TechnicalManager', 'Manager of operations'),
	(3, 'AccountAutomationOwner', 'Account specific automation owner'),
	(4, 'PrimaryOwner', 'Technical Lead for solution'),
	(5, 'SecondaryOwner', 'Senior SE for solution'),
	(6, 'AutomationSPOC', 'Tower specific Automation SPOC'),
	(7, 'EngineeringTeamMembers', 'Team members either dev/qa/business etc'),
	(8, 'SolutionOwner', 'Person who give solution to solution owner'),
	(9, 'RolloutOwner', 'Person who implements the release plan'),
	(10, 'Ideator', 'Person who posts the idea'),
	(11, 'Reviewer', 'Person who reviews the Idea/Solution/Usercase'),
	(12, 'Guest', 'Least role who can post comments on Idea/Solution/Usecase');
/*!40000 ALTER TABLE `role` ENABLE KEYS */;

-- Dumping data for table solutionmanagement.tower: ~2 rows (approximately)
/*!40000 ALTER TABLE `tower` DISABLE KEYS */;
INSERT INTO `tower` (`tower_id`, `name`, `spoc_user_role_id`) VALUES
	(1, 'CDC5-S5', 8),
	(2, 'CDC5-S6', 7);
/*!40000 ALTER TABLE `tower` ENABLE KEYS */;

-- Dumping data for table solutionmanagement.usecase: ~0 rows (approximately)
/*!40000 ALTER TABLE `usecase` DISABLE KEYS */;
INSERT INTO `usecase` (`usecase_id`, `usecase_name`, `tower_spoc_uid`, `status`, `short_desc`, `desc`, `attachment_id`, `developed_dt`, `doc_download_cnt`, `downloaded_cnt`, `reviewed_cnt`, `defects`, `enhancements`, `modified_dt`, `rollouts_accountid`, `approval_id`, `solution_id`) VALUES
	(1, 'Task List in admin', 6, 'INIT', 'Task list pane', 'Test task list in UI page', 0, '2019-01-23', 6, 6, 7, 7, 'UI can be drawn roughly', '2019-01-23', 2, 3, 1);
/*!40000 ALTER TABLE `usecase` ENABLE KEYS */;

-- Dumping data for table solutionmanagement.user: ~10 rows (approximately)
/*!40000 ALTER TABLE `user` DISABLE KEYS */;
INSERT INTO `user` (`user_id`, `username`, `email`, `firstname`, `lastname`, `account_id`, `password`) VALUES
	(1, 'testuser1', 'testuser1@wipro.com', 'Test1', 'User1', 0, 'password1'),
	(2, 'testuser2', 'testuser2@wipro.com', 'Test2', 'User2', 0, 'password2'),
	(3, 'testuser3', 'testuser3@wipro.com', 'Test3', 'User3', 0, 'password3'),
	(4, 'testuser4', 'testuser4@wipro.com', 'Test4', 'User4', 0, 'password4'),
	(5, 'testuser5', 'testuser5@wipro.com', 'Test5', 'User5', 0, 'password5'),
	(6, 'testuser6', 'testuser6@wipro.com', 'Test6', 'User6', 0, 'password6'),
	(7, 'testuser7', 'testuser7@wipro.com', 'Test7', 'User7', 0, 'password7'),
	(8, 'testuser8', 'testuser8@wipro.com', 'Test8', 'User8', 0, 'password8'),
	(9, 'testuser9', 'testuser9@wipro.com', 'Test9', 'User9', 2, 'password9'),
	(10, 'testuser10', 'testuser10@wipro.com', 'Test10', 'User10', 1, 'password10');
/*!40000 ALTER TABLE `user` ENABLE KEYS */;

-- Dumping data for table solutionmanagement.userrole: ~8 rows (approximately)
/*!40000 ALTER TABLE `userrole` DISABLE KEYS */;
INSERT INTO `userrole` (`user_role_id`, `user_id`, `role_id`) VALUES
	(1, 1, 1),
	(2, 2, 3),
	(3, 3, 2),
	(4, 4, 4),
	(5, 5, 5),
	(6, 6, 6),
	(7, 7, 7),
	(8, 8, 8),
	(9, 9, 9),
	(10, 10, 10);
/*!40000 ALTER TABLE `userrole` ENABLE KEYS */;

/*!40101 SET SQL_MODE=IFNULL(@OLD_SQL_MODE, '') */;
/*!40014 SET FOREIGN_KEY_CHECKS=IF(@OLD_FOREIGN_KEY_CHECKS IS NULL, 1, @OLD_FOREIGN_KEY_CHECKS) */;
/*!40101 SET CHARACTER_SET_CLIENT=@OLD_CHARACTER_SET_CLIENT */;
